"rel_time_event","event_prob","strata"
0,0.857142857142857,"r_age_group_posttxp=0-17, time_to_fail_group=[0-.5y)  "
0.6438,1,"r_age_group_posttxp=0-17, time_to_fail_group=[0-.5y)  "
0,0.5,"r_age_group_posttxp=0-17, time_to_fail_group=[0.5y-1y)"
0.9358,0.666666666666667,"r_age_group_posttxp=0-17, time_to_fail_group=[0.5y-1y)"
0.9486,0.833333333333333,"r_age_group_posttxp=0-17, time_to_fail_group=[0.5y-1y)"
0.9847,1,"r_age_group_posttxp=0-17, time_to_fail_group=[0.5y-1y)"
0,0.125,"r_age_group_posttxp=0-17, time_to_fail_group=[1y-2y)  "
0.2049,0.25,"r_age_group_posttxp=0-17, time_to_fail_group=[1y-2y)  "
0.8534,0.375,"r_age_group_posttxp=0-17, time_to_fail_group=[1y-2y)  "
0.8658,0.5,"r_age_group_posttxp=0-17, time_to_fail_group=[1y-2y)  "
0.931,0.625,"r_age_group_posttxp=0-17, time_to_fail_group=[1y-2y)  "
0.9729,0.75,"r_age_group_posttxp=0-17, time_to_fail_group=[1y-2y)  "
0.9982,0.875,"r_age_group_posttxp=0-17, time_to_fail_group=[1y-2y)  "
0.9991,1,"r_age_group_posttxp=0-17, time_to_fail_group=[1y-2y)  "
0,0.0666666666666667,"r_age_group_posttxp=0-17, time_to_fail_group=[2y-5y)  "
0.0188,0.133333333333333,"r_age_group_posttxp=0-17, time_to_fail_group=[2y-5y)  "
0.124,0.2,"r_age_group_posttxp=0-17, time_to_fail_group=[2y-5y)  "
0.2082,0.266666666666667,"r_age_group_posttxp=0-17, time_to_fail_group=[2y-5y)  "
0.3266,0.333333333333333,"r_age_group_posttxp=0-17, time_to_fail_group=[2y-5y)  "
0.3837,0.4,"r_age_group_posttxp=0-17, time_to_fail_group=[2y-5y)  "
0.4105,0.466666666666667,"r_age_group_posttxp=0-17, time_to_fail_group=[2y-5y)  "
0.4681,0.533333333333333,"r_age_group_posttxp=0-17, time_to_fail_group=[2y-5y)  "
0.5413,0.6,"r_age_group_posttxp=0-17, time_to_fail_group=[2y-5y)  "
0.6454,0.666666666666667,"r_age_group_posttxp=0-17, time_to_fail_group=[2y-5y)  "
0.6969,0.733333333333333,"r_age_group_posttxp=0-17, time_to_fail_group=[2y-5y)  "
0.9157,0.8,"r_age_group_posttxp=0-17, time_to_fail_group=[2y-5y)  "
0.9628,0.866666666666667,"r_age_group_posttxp=0-17, time_to_fail_group=[2y-5y)  "
0.9942,0.933333333333333,"r_age_group_posttxp=0-17, time_to_fail_group=[2y-5y)  "
0.9993,1,"r_age_group_posttxp=0-17, time_to_fail_group=[2y-5y)  "
0,0.166666666666667,"r_age_group_posttxp=0-17, time_to_fail_group=5y+      "
0.0691000000000001,0.333333333333333,"r_age_group_posttxp=0-17, time_to_fail_group=5y+      "
0.0694,0.5,"r_age_group_posttxp=0-17, time_to_fail_group=5y+      "
0.7489,0.666666666666667,"r_age_group_posttxp=0-17, time_to_fail_group=5y+      "
0.9231,0.833333333333333,"r_age_group_posttxp=0-17, time_to_fail_group=5y+      "
0.9484,1,"r_age_group_posttxp=0-17, time_to_fail_group=5y+      "
0,0.75,"r_age_group_posttxp=18-39, time_to_fail_group=[0-.5y)  "
0.5379,0.8125,"r_age_group_posttxp=18-39, time_to_fail_group=[0-.5y)  "
0.8282,0.875,"r_age_group_posttxp=18-39, time_to_fail_group=[0-.5y)  "
0.8995,0.9375,"r_age_group_posttxp=18-39, time_to_fail_group=[0-.5y)  "
0.9679,1,"r_age_group_posttxp=18-39, time_to_fail_group=[0-.5y)  "
0,0.444444444444444,"r_age_group_posttxp=18-39, time_to_fail_group=[0.5y-1y)"
0.3368,0.555555555555556,"r_age_group_posttxp=18-39, time_to_fail_group=[0.5y-1y)"
0.9742,0.666666666666667,"r_age_group_posttxp=18-39, time_to_fail_group=[0.5y-1y)"
0.9763,0.777777777777778,"r_age_group_posttxp=18-39, time_to_fail_group=[0.5y-1y)"
0.9766,0.888888888888889,"r_age_group_posttxp=18-39, time_to_fail_group=[0.5y-1y)"
0.9974,1,"r_age_group_posttxp=18-39, time_to_fail_group=[0.5y-1y)"
0,0.678571428571429,"r_age_group_posttxp=18-39, time_to_fail_group=[1y-2y)  "
0.0392,0.714285714285714,"r_age_group_posttxp=18-39, time_to_fail_group=[1y-2y)  "
0.3374,0.75,"r_age_group_posttxp=18-39, time_to_fail_group=[1y-2y)  "
0.5349,0.785714285714286,"r_age_group_posttxp=18-39, time_to_fail_group=[1y-2y)  "
0.5362,0.821428571428571,"r_age_group_posttxp=18-39, time_to_fail_group=[1y-2y)  "
0.8483,0.857142857142857,"r_age_group_posttxp=18-39, time_to_fail_group=[1y-2y)  "
0.8565,0.892857142857143,"r_age_group_posttxp=18-39, time_to_fail_group=[1y-2y)  "
0.9269,0.928571428571429,"r_age_group_posttxp=18-39, time_to_fail_group=[1y-2y)  "
0.9328,0.964285714285714,"r_age_group_posttxp=18-39, time_to_fail_group=[1y-2y)  "
0.972,1,"r_age_group_posttxp=18-39, time_to_fail_group=[1y-2y)  "
0,0.307692307692308,"r_age_group_posttxp=18-39, time_to_fail_group=[2y-5y)  "
0.0275,0.326923076923077,"r_age_group_posttxp=18-39, time_to_fail_group=[2y-5y)  "
0.052,0.346153846153846,"r_age_group_posttxp=18-39, time_to_fail_group=[2y-5y)  "
0.0534,0.365384615384616,"r_age_group_posttxp=18-39, time_to_fail_group=[2y-5y)  "
0.0775,0.384615384615385,"r_age_group_posttxp=18-39, time_to_fail_group=[2y-5y)  "
0.0859,0.403846153846154,"r_age_group_posttxp=18-39, time_to_fail_group=[2y-5y)  "
0.0903,0.423076923076923,"r_age_group_posttxp=18-39, time_to_fail_group=[2y-5y)  "
0.1027,0.442307692307692,"r_age_group_posttxp=18-39, time_to_fail_group=[2y-5y)  "
0.1523,0.461538461538462,"r_age_group_posttxp=18-39, time_to_fail_group=[2y-5y)  "
0.1636,0.480769230769231,"r_age_group_posttxp=18-39, time_to_fail_group=[2y-5y)  "
0.2129,0.5,"r_age_group_posttxp=18-39, time_to_fail_group=[2y-5y)  "
0.215,0.519230769230769,"r_age_group_posttxp=18-39, time_to_fail_group=[2y-5y)  "
0.236,0.538461538461539,"r_age_group_posttxp=18-39, time_to_fail_group=[2y-5y)  "
0.2992,0.557692307692308,"r_age_group_posttxp=18-39, time_to_fail_group=[2y-5y)  "
0.3101,0.576923076923077,"r_age_group_posttxp=18-39, time_to_fail_group=[2y-5y)  "
0.3514,0.596153846153846,"r_age_group_posttxp=18-39, time_to_fail_group=[2y-5y)  "
0.3596,0.615384615384615,"r_age_group_posttxp=18-39, time_to_fail_group=[2y-5y)  "
0.3741,0.634615384615385,"r_age_group_posttxp=18-39, time_to_fail_group=[2y-5y)  "
0.412,0.653846153846154,"r_age_group_posttxp=18-39, time_to_fail_group=[2y-5y)  "
0.51,0.673076923076923,"r_age_group_posttxp=18-39, time_to_fail_group=[2y-5y)  "
0.5285,0.692307692307692,"r_age_group_posttxp=18-39, time_to_fail_group=[2y-5y)  "
0.53,0.711538461538462,"r_age_group_posttxp=18-39, time_to_fail_group=[2y-5y)  "
0.5718,0.730769230769231,"r_age_group_posttxp=18-39, time_to_fail_group=[2y-5y)  "
0.6066,0.75,"r_age_group_posttxp=18-39, time_to_fail_group=[2y-5y)  "
0.6145,0.769230769230769,"r_age_group_posttxp=18-39, time_to_fail_group=[2y-5y)  "
0.6658,0.788461538461539,"r_age_group_posttxp=18-39, time_to_fail_group=[2y-5y)  "
0.7146,0.807692307692308,"r_age_group_posttxp=18-39, time_to_fail_group=[2y-5y)  "
0.7462,0.826923076923077,"r_age_group_posttxp=18-39, time_to_fail_group=[2y-5y)  "
0.7913,0.846153846153846,"r_age_group_posttxp=18-39, time_to_fail_group=[2y-5y)  "
0.8206,0.865384615384615,"r_age_group_posttxp=18-39, time_to_fail_group=[2y-5y)  "
0.8655,0.884615384615385,"r_age_group_posttxp=18-39, time_to_fail_group=[2y-5y)  "
0.878,0.903846153846154,"r_age_group_posttxp=18-39, time_to_fail_group=[2y-5y)  "
0.887,0.923076923076923,"r_age_group_posttxp=18-39, time_to_fail_group=[2y-5y)  "
0.9081,0.942307692307692,"r_age_group_posttxp=18-39, time_to_fail_group=[2y-5y)  "
0.9227,0.961538461538462,"r_age_group_posttxp=18-39, time_to_fail_group=[2y-5y)  "
0.989,0.980769230769231,"r_age_group_posttxp=18-39, time_to_fail_group=[2y-5y)  "
0.9893,1,"r_age_group_posttxp=18-39, time_to_fail_group=[2y-5y)  "
0,0.394736842105263,"r_age_group_posttxp=18-39, time_to_fail_group=5y+      "
0.053,0.421052631578947,"r_age_group_posttxp=18-39, time_to_fail_group=5y+      "
0.1283,0.447368421052632,"r_age_group_posttxp=18-39, time_to_fail_group=5y+      "
0.1295,0.473684210526316,"r_age_group_posttxp=18-39, time_to_fail_group=5y+      "
0.1463,0.5,"r_age_group_posttxp=18-39, time_to_fail_group=5y+      "
0.1742,0.526315789473684,"r_age_group_posttxp=18-39, time_to_fail_group=5y+      "
0.1897,0.552631578947369,"r_age_group_posttxp=18-39, time_to_fail_group=5y+      "
0.1937,0.578947368421053,"r_age_group_posttxp=18-39, time_to_fail_group=5y+      "
0.2217,0.605263157894737,"r_age_group_posttxp=18-39, time_to_fail_group=5y+      "
0.2478,0.631578947368421,"r_age_group_posttxp=18-39, time_to_fail_group=5y+      "
0.261,0.657894736842105,"r_age_group_posttxp=18-39, time_to_fail_group=5y+      "
0.3372,0.684210526315789,"r_age_group_posttxp=18-39, time_to_fail_group=5y+      "
0.3952,0.710526315789474,"r_age_group_posttxp=18-39, time_to_fail_group=5y+      "
0.4009,0.736842105263158,"r_age_group_posttxp=18-39, time_to_fail_group=5y+      "
0.4139,0.763157894736842,"r_age_group_posttxp=18-39, time_to_fail_group=5y+      "
0.4374,0.789473684210526,"r_age_group_posttxp=18-39, time_to_fail_group=5y+      "
0.4735,0.815789473684211,"r_age_group_posttxp=18-39, time_to_fail_group=5y+      "
0.5111,0.842105263157895,"r_age_group_posttxp=18-39, time_to_fail_group=5y+      "
0.6172,0.868421052631579,"r_age_group_posttxp=18-39, time_to_fail_group=5y+      "
0.6325,0.894736842105263,"r_age_group_posttxp=18-39, time_to_fail_group=5y+      "
0.6538,0.921052631578947,"r_age_group_posttxp=18-39, time_to_fail_group=5y+      "
0.7799,0.947368421052632,"r_age_group_posttxp=18-39, time_to_fail_group=5y+      "
0.9596,0.973684210526316,"r_age_group_posttxp=18-39, time_to_fail_group=5y+      "
0.981,1,"r_age_group_posttxp=18-39, time_to_fail_group=5y+      "
0,0.923076923076923,"r_age_group_posttxp=40-49, time_to_fail_group=[0-.5y)  "
0.6137,0.948717948717949,"r_age_group_posttxp=40-49, time_to_fail_group=[0-.5y)  "
0.7533,0.974358974358974,"r_age_group_posttxp=40-49, time_to_fail_group=[0-.5y)  "
0.925,1,"r_age_group_posttxp=40-49, time_to_fail_group=[0-.5y)  "
0,0.571428571428571,"r_age_group_posttxp=40-49, time_to_fail_group=[0.5y-1y)"
0.0532,0.619047619047619,"r_age_group_posttxp=40-49, time_to_fail_group=[0.5y-1y)"
0.0919,0.666666666666667,"r_age_group_posttxp=40-49, time_to_fail_group=[0.5y-1y)"
0.47,0.714285714285714,"r_age_group_posttxp=40-49, time_to_fail_group=[0.5y-1y)"
0.7367,0.761904761904762,"r_age_group_posttxp=40-49, time_to_fail_group=[0.5y-1y)"
0.7413,0.80952380952381,"r_age_group_posttxp=40-49, time_to_fail_group=[0.5y-1y)"
0.8974,0.857142857142857,"r_age_group_posttxp=40-49, time_to_fail_group=[0.5y-1y)"
0.9112,0.904761904761905,"r_age_group_posttxp=40-49, time_to_fail_group=[0.5y-1y)"
0.9451,0.952380952380952,"r_age_group_posttxp=40-49, time_to_fail_group=[0.5y-1y)"
0.9682,1,"r_age_group_posttxp=40-49, time_to_fail_group=[0.5y-1y)"
0,0.560975609756098,"r_age_group_posttxp=40-49, time_to_fail_group=[1y-2y)  "
0.3059,0.585365853658537,"r_age_group_posttxp=40-49, time_to_fail_group=[1y-2y)  "
0.4552,0.609756097560976,"r_age_group_posttxp=40-49, time_to_fail_group=[1y-2y)  "
0.4658,0.634146341463415,"r_age_group_posttxp=40-49, time_to_fail_group=[1y-2y)  "
0.4883,0.658536585365854,"r_age_group_posttxp=40-49, time_to_fail_group=[1y-2y)  "
0.5268,0.682926829268293,"r_age_group_posttxp=40-49, time_to_fail_group=[1y-2y)  "
0.5858,0.707317073170732,"r_age_group_posttxp=40-49, time_to_fail_group=[1y-2y)  "
0.6493,0.731707317073171,"r_age_group_posttxp=40-49, time_to_fail_group=[1y-2y)  "
0.6541,0.75609756097561,"r_age_group_posttxp=40-49, time_to_fail_group=[1y-2y)  "
0.6822,0.780487804878049,"r_age_group_posttxp=40-49, time_to_fail_group=[1y-2y)  "
0.7625,0.804878048780488,"r_age_group_posttxp=40-49, time_to_fail_group=[1y-2y)  "
0.7664,0.829268292682927,"r_age_group_posttxp=40-49, time_to_fail_group=[1y-2y)  "
0.7728,0.853658536585366,"r_age_group_posttxp=40-49, time_to_fail_group=[1y-2y)  "
0.8062,0.878048780487805,"r_age_group_posttxp=40-49, time_to_fail_group=[1y-2y)  "
0.8732,0.902439024390244,"r_age_group_posttxp=40-49, time_to_fail_group=[1y-2y)  "
0.8741,0.926829268292683,"r_age_group_posttxp=40-49, time_to_fail_group=[1y-2y)  "
0.8819,0.951219512195122,"r_age_group_posttxp=40-49, time_to_fail_group=[1y-2y)  "
0.9597,0.975609756097561,"r_age_group_posttxp=40-49, time_to_fail_group=[1y-2y)  "
0.9868,1,"r_age_group_posttxp=40-49, time_to_fail_group=[1y-2y)  "
0,0.62280701754386,"r_age_group_posttxp=40-49, time_to_fail_group=[2y-5y)  "
0.00800000000000001,0.631578947368421,"r_age_group_posttxp=40-49, time_to_fail_group=[2y-5y)  "
0.1429,0.640350877192982,"r_age_group_posttxp=40-49, time_to_fail_group=[2y-5y)  "
0.1658,0.649122807017544,"r_age_group_posttxp=40-49, time_to_fail_group=[2y-5y)  "
0.1696,0.657894736842105,"r_age_group_posttxp=40-49, time_to_fail_group=[2y-5y)  "
0.24,0.666666666666667,"r_age_group_posttxp=40-49, time_to_fail_group=[2y-5y)  "
0.274,0.675438596491228,"r_age_group_posttxp=40-49, time_to_fail_group=[2y-5y)  "
0.291,0.68421052631579,"r_age_group_posttxp=40-49, time_to_fail_group=[2y-5y)  "
0.2947,0.692982456140351,"r_age_group_posttxp=40-49, time_to_fail_group=[2y-5y)  "
0.3861,0.701754385964912,"r_age_group_posttxp=40-49, time_to_fail_group=[2y-5y)  "
0.4483,0.710526315789474,"r_age_group_posttxp=40-49, time_to_fail_group=[2y-5y)  "
0.4658,0.719298245614035,"r_age_group_posttxp=40-49, time_to_fail_group=[2y-5y)  "
0.5091,0.728070175438597,"r_age_group_posttxp=40-49, time_to_fail_group=[2y-5y)  "
0.5125,0.736842105263158,"r_age_group_posttxp=40-49, time_to_fail_group=[2y-5y)  "
0.5161,0.745614035087719,"r_age_group_posttxp=40-49, time_to_fail_group=[2y-5y)  "
0.5459,0.754385964912281,"r_age_group_posttxp=40-49, time_to_fail_group=[2y-5y)  "
0.5526,0.763157894736842,"r_age_group_posttxp=40-49, time_to_fail_group=[2y-5y)  "
0.5593,0.771929824561403,"r_age_group_posttxp=40-49, time_to_fail_group=[2y-5y)  "
0.5818,0.780701754385965,"r_age_group_posttxp=40-49, time_to_fail_group=[2y-5y)  "
0.6092,0.789473684210526,"r_age_group_posttxp=40-49, time_to_fail_group=[2y-5y)  "
0.622,0.798245614035088,"r_age_group_posttxp=40-49, time_to_fail_group=[2y-5y)  "
0.6338,0.807017543859649,"r_age_group_posttxp=40-49, time_to_fail_group=[2y-5y)  "
0.6351,0.815789473684211,"r_age_group_posttxp=40-49, time_to_fail_group=[2y-5y)  "
0.6496,0.824561403508772,"r_age_group_posttxp=40-49, time_to_fail_group=[2y-5y)  "
0.6713,0.833333333333333,"r_age_group_posttxp=40-49, time_to_fail_group=[2y-5y)  "
0.6911,0.842105263157895,"r_age_group_posttxp=40-49, time_to_fail_group=[2y-5y)  "
0.7675,0.850877192982456,"r_age_group_posttxp=40-49, time_to_fail_group=[2y-5y)  "
0.8302,0.859649122807018,"r_age_group_posttxp=40-49, time_to_fail_group=[2y-5y)  "
0.858,0.868421052631579,"r_age_group_posttxp=40-49, time_to_fail_group=[2y-5y)  "
0.86,0.87719298245614,"r_age_group_posttxp=40-49, time_to_fail_group=[2y-5y)  "
0.8954,0.885964912280702,"r_age_group_posttxp=40-49, time_to_fail_group=[2y-5y)  "
0.901,0.894736842105263,"r_age_group_posttxp=40-49, time_to_fail_group=[2y-5y)  "
0.9296,0.903508771929824,"r_age_group_posttxp=40-49, time_to_fail_group=[2y-5y)  "
0.9339,0.912280701754386,"r_age_group_posttxp=40-49, time_to_fail_group=[2y-5y)  "
0.9379,0.921052631578947,"r_age_group_posttxp=40-49, time_to_fail_group=[2y-5y)  "
0.9435,0.929824561403509,"r_age_group_posttxp=40-49, time_to_fail_group=[2y-5y)  "
0.9454,0.93859649122807,"r_age_group_posttxp=40-49, time_to_fail_group=[2y-5y)  "
0.9496,0.947368421052632,"r_age_group_posttxp=40-49, time_to_fail_group=[2y-5y)  "
0.9533,0.956140350877193,"r_age_group_posttxp=40-49, time_to_fail_group=[2y-5y)  "
0.9692,0.964912280701754,"r_age_group_posttxp=40-49, time_to_fail_group=[2y-5y)  "
0.9717,0.973684210526316,"r_age_group_posttxp=40-49, time_to_fail_group=[2y-5y)  "
0.9838,0.982456140350877,"r_age_group_posttxp=40-49, time_to_fail_group=[2y-5y)  "
0.9899,0.991228070175439,"r_age_group_posttxp=40-49, time_to_fail_group=[2y-5y)  "
0.9905,1,"r_age_group_posttxp=40-49, time_to_fail_group=[2y-5y)  "
0,0.643564356435644,"r_age_group_posttxp=40-49, time_to_fail_group=5y+      "
0.0124,0.653465346534653,"r_age_group_posttxp=40-49, time_to_fail_group=5y+      "
0.0254,0.663366336633663,"r_age_group_posttxp=40-49, time_to_fail_group=5y+      "
0.0513,0.673267326732673,"r_age_group_posttxp=40-49, time_to_fail_group=5y+      "
0.053,0.683168316831683,"r_age_group_posttxp=40-49, time_to_fail_group=5y+      "
0.0599,0.693069306930693,"r_age_group_posttxp=40-49, time_to_fail_group=5y+      "
0.0698,0.702970297029703,"r_age_group_posttxp=40-49, time_to_fail_group=5y+      "
0.0875,0.712871287128713,"r_age_group_posttxp=40-49, time_to_fail_group=5y+      "
0.0958,0.722772277227723,"r_age_group_posttxp=40-49, time_to_fail_group=5y+      "
0.1017,0.732673267326733,"r_age_group_posttxp=40-49, time_to_fail_group=5y+      "
0.1105,0.742574257425743,"r_age_group_posttxp=40-49, time_to_fail_group=5y+      "
0.1185,0.752475247524753,"r_age_group_posttxp=40-49, time_to_fail_group=5y+      "
0.1314,0.762376237623762,"r_age_group_posttxp=40-49, time_to_fail_group=5y+      "
0.1686,0.772277227722772,"r_age_group_posttxp=40-49, time_to_fail_group=5y+      "
0.2014,0.782178217821782,"r_age_group_posttxp=40-49, time_to_fail_group=5y+      "
0.2152,0.792079207920792,"r_age_group_posttxp=40-49, time_to_fail_group=5y+      "
0.2382,0.801980198019802,"r_age_group_posttxp=40-49, time_to_fail_group=5y+      "
0.2793,0.811881188118812,"r_age_group_posttxp=40-49, time_to_fail_group=5y+      "
0.3443,0.821782178217822,"r_age_group_posttxp=40-49, time_to_fail_group=5y+      "
0.3563,0.831683168316832,"r_age_group_posttxp=40-49, time_to_fail_group=5y+      "
0.3632,0.841584158415842,"r_age_group_posttxp=40-49, time_to_fail_group=5y+      "
0.395,0.851485148514852,"r_age_group_posttxp=40-49, time_to_fail_group=5y+      "
0.402,0.861386138613861,"r_age_group_posttxp=40-49, time_to_fail_group=5y+      "
0.4135,0.871287128712871,"r_age_group_posttxp=40-49, time_to_fail_group=5y+      "
0.4458,0.881188118811881,"r_age_group_posttxp=40-49, time_to_fail_group=5y+      "
0.5264,0.891089108910891,"r_age_group_posttxp=40-49, time_to_fail_group=5y+      "
0.614,0.900990099009901,"r_age_group_posttxp=40-49, time_to_fail_group=5y+      "
0.6259,0.910891089108911,"r_age_group_posttxp=40-49, time_to_fail_group=5y+      "
0.6553,0.920792079207921,"r_age_group_posttxp=40-49, time_to_fail_group=5y+      "
0.658,0.930693069306931,"r_age_group_posttxp=40-49, time_to_fail_group=5y+      "
0.6728,0.940594059405941,"r_age_group_posttxp=40-49, time_to_fail_group=5y+      "
0.8712,0.950495049504951,"r_age_group_posttxp=40-49, time_to_fail_group=5y+      "
0.9036,0.96039603960396,"r_age_group_posttxp=40-49, time_to_fail_group=5y+      "
0.9127,0.97029702970297,"r_age_group_posttxp=40-49, time_to_fail_group=5y+      "
0.9602,0.98019801980198,"r_age_group_posttxp=40-49, time_to_fail_group=5y+      "
0.987,0.99009900990099,"r_age_group_posttxp=40-49, time_to_fail_group=5y+      "
0.9932,1,"r_age_group_posttxp=40-49, time_to_fail_group=5y+      "
0,0.958333333333333,"r_age_group_posttxp=50-54, time_to_fail_group=[0-.5y)  "
0.6376,0.979166666666667,"r_age_group_posttxp=50-54, time_to_fail_group=[0-.5y)  "
0.9527,1,"r_age_group_posttxp=50-54, time_to_fail_group=[0-.5y)  "
0,0.6,"r_age_group_posttxp=50-54, time_to_fail_group=[0.5y-1y)"
0.1858,0.628571428571429,"r_age_group_posttxp=50-54, time_to_fail_group=[0.5y-1y)"
0.2128,0.657142857142857,"r_age_group_posttxp=50-54, time_to_fail_group=[0.5y-1y)"
0.2656,0.685714285714286,"r_age_group_posttxp=50-54, time_to_fail_group=[0.5y-1y)"
0.2964,0.714285714285714,"r_age_group_posttxp=50-54, time_to_fail_group=[0.5y-1y)"
0.3066,0.742857142857143,"r_age_group_posttxp=50-54, time_to_fail_group=[0.5y-1y)"
0.4001,0.771428571428571,"r_age_group_posttxp=50-54, time_to_fail_group=[0.5y-1y)"
0.5318,0.8,"r_age_group_posttxp=50-54, time_to_fail_group=[0.5y-1y)"
0.6567,0.828571428571429,"r_age_group_posttxp=50-54, time_to_fail_group=[0.5y-1y)"
0.7291,0.857142857142857,"r_age_group_posttxp=50-54, time_to_fail_group=[0.5y-1y)"
0.7298,0.885714285714286,"r_age_group_posttxp=50-54, time_to_fail_group=[0.5y-1y)"
0.7564,0.914285714285714,"r_age_group_posttxp=50-54, time_to_fail_group=[0.5y-1y)"
0.8385,0.942857142857143,"r_age_group_posttxp=50-54, time_to_fail_group=[0.5y-1y)"
0.9506,0.971428571428571,"r_age_group_posttxp=50-54, time_to_fail_group=[0.5y-1y)"
0.9881,1,"r_age_group_posttxp=50-54, time_to_fail_group=[0.5y-1y)"
0,0.694444444444444,"r_age_group_posttxp=50-54, time_to_fail_group=[1y-2y)  "
0.2027,0.722222222222222,"r_age_group_posttxp=50-54, time_to_fail_group=[1y-2y)  "
0.2582,0.75,"r_age_group_posttxp=50-54, time_to_fail_group=[1y-2y)  "
0.5774,0.777777777777778,"r_age_group_posttxp=50-54, time_to_fail_group=[1y-2y)  "
0.5792,0.805555555555556,"r_age_group_posttxp=50-54, time_to_fail_group=[1y-2y)  "
0.68,0.833333333333333,"r_age_group_posttxp=50-54, time_to_fail_group=[1y-2y)  "
0.7253,0.861111111111111,"r_age_group_posttxp=50-54, time_to_fail_group=[1y-2y)  "
0.7411,0.888888888888889,"r_age_group_posttxp=50-54, time_to_fail_group=[1y-2y)  "
0.7642,0.916666666666667,"r_age_group_posttxp=50-54, time_to_fail_group=[1y-2y)  "
0.8656,0.944444444444444,"r_age_group_posttxp=50-54, time_to_fail_group=[1y-2y)  "
0.8841,0.972222222222222,"r_age_group_posttxp=50-54, time_to_fail_group=[1y-2y)  "
0.9265,1,"r_age_group_posttxp=50-54, time_to_fail_group=[1y-2y)  "
0,0.787878787878788,"r_age_group_posttxp=50-54, time_to_fail_group=[2y-5y)  "
0.162,0.797979797979798,"r_age_group_posttxp=50-54, time_to_fail_group=[2y-5y)  "
0.1854,0.808080808080808,"r_age_group_posttxp=50-54, time_to_fail_group=[2y-5y)  "
0.2564,0.818181818181818,"r_age_group_posttxp=50-54, time_to_fail_group=[2y-5y)  "
0.2642,0.828282828282828,"r_age_group_posttxp=50-54, time_to_fail_group=[2y-5y)  "
0.2916,0.838383838383838,"r_age_group_posttxp=50-54, time_to_fail_group=[2y-5y)  "
0.2993,0.848484848484849,"r_age_group_posttxp=50-54, time_to_fail_group=[2y-5y)  "
0.3437,0.858585858585859,"r_age_group_posttxp=50-54, time_to_fail_group=[2y-5y)  "
0.5238,0.868686868686869,"r_age_group_posttxp=50-54, time_to_fail_group=[2y-5y)  "
0.5733,0.878787878787879,"r_age_group_posttxp=50-54, time_to_fail_group=[2y-5y)  "
0.5841,0.888888888888889,"r_age_group_posttxp=50-54, time_to_fail_group=[2y-5y)  "
0.603,0.898989898989899,"r_age_group_posttxp=50-54, time_to_fail_group=[2y-5y)  "
0.6118,0.909090909090909,"r_age_group_posttxp=50-54, time_to_fail_group=[2y-5y)  "
0.6224,0.919191919191919,"r_age_group_posttxp=50-54, time_to_fail_group=[2y-5y)  "
0.7215,0.929292929292929,"r_age_group_posttxp=50-54, time_to_fail_group=[2y-5y)  "
0.7241,0.939393939393939,"r_age_group_posttxp=50-54, time_to_fail_group=[2y-5y)  "
0.8696,0.94949494949495,"r_age_group_posttxp=50-54, time_to_fail_group=[2y-5y)  "
0.8722,0.95959595959596,"r_age_group_posttxp=50-54, time_to_fail_group=[2y-5y)  "
0.9417,0.96969696969697,"r_age_group_posttxp=50-54, time_to_fail_group=[2y-5y)  "
0.9469,0.97979797979798,"r_age_group_posttxp=50-54, time_to_fail_group=[2y-5y)  "
0.9885,0.98989898989899,"r_age_group_posttxp=50-54, time_to_fail_group=[2y-5y)  "
0.9985,1,"r_age_group_posttxp=50-54, time_to_fail_group=[2y-5y)  "
0,0.853658536585366,"r_age_group_posttxp=50-54, time_to_fail_group=5y+      "
0.024,0.865853658536585,"r_age_group_posttxp=50-54, time_to_fail_group=5y+      "
0.0921999999999999,0.878048780487805,"r_age_group_posttxp=50-54, time_to_fail_group=5y+      "
0.1711,0.890243902439024,"r_age_group_posttxp=50-54, time_to_fail_group=5y+      "
0.1976,0.902439024390244,"r_age_group_posttxp=50-54, time_to_fail_group=5y+      "
0.2314,0.914634146341463,"r_age_group_posttxp=50-54, time_to_fail_group=5y+      "
0.2573,0.926829268292683,"r_age_group_posttxp=50-54, time_to_fail_group=5y+      "
0.5566,0.939024390243902,"r_age_group_posttxp=50-54, time_to_fail_group=5y+      "
0.7212,0.951219512195122,"r_age_group_posttxp=50-54, time_to_fail_group=5y+      "
0.7523,0.963414634146341,"r_age_group_posttxp=50-54, time_to_fail_group=5y+      "
0.7594,0.975609756097561,"r_age_group_posttxp=50-54, time_to_fail_group=5y+      "
0.831,0.98780487804878,"r_age_group_posttxp=50-54, time_to_fail_group=5y+      "
0.9848,1,"r_age_group_posttxp=50-54, time_to_fail_group=5y+      "
0,1,"r_age_group_posttxp=55-59, time_to_fail_group=[0-.5y)  "
0,0.854166666666667,"r_age_group_posttxp=55-59, time_to_fail_group=[0.5y-1y)"
0.2726,0.875,"r_age_group_posttxp=55-59, time_to_fail_group=[0.5y-1y)"
0.279,0.895833333333333,"r_age_group_posttxp=55-59, time_to_fail_group=[0.5y-1y)"
0.3069,0.916666666666667,"r_age_group_posttxp=55-59, time_to_fail_group=[0.5y-1y)"
0.5262,0.9375,"r_age_group_posttxp=55-59, time_to_fail_group=[0.5y-1y)"
0.5371,0.958333333333333,"r_age_group_posttxp=55-59, time_to_fail_group=[0.5y-1y)"
0.5472,0.979166666666667,"r_age_group_posttxp=55-59, time_to_fail_group=[0.5y-1y)"
0.6832,1,"r_age_group_posttxp=55-59, time_to_fail_group=[0.5y-1y)"
0,0.686567164179104,"r_age_group_posttxp=55-59, time_to_fail_group=[1y-2y)  "
0.00570000000000004,0.701492537313433,"r_age_group_posttxp=55-59, time_to_fail_group=[1y-2y)  "
0.1194,0.716417910447761,"r_age_group_posttxp=55-59, time_to_fail_group=[1y-2y)  "
0.3025,0.73134328358209,"r_age_group_posttxp=55-59, time_to_fail_group=[1y-2y)  "
0.4058,0.746268656716418,"r_age_group_posttxp=55-59, time_to_fail_group=[1y-2y)  "
0.4097,0.761194029850746,"r_age_group_posttxp=55-59, time_to_fail_group=[1y-2y)  "
0.6019,0.776119402985075,"r_age_group_posttxp=55-59, time_to_fail_group=[1y-2y)  "
0.6089,0.791044776119403,"r_age_group_posttxp=55-59, time_to_fail_group=[1y-2y)  "
0.6119,0.805970149253731,"r_age_group_posttxp=55-59, time_to_fail_group=[1y-2y)  "
0.647,0.82089552238806,"r_age_group_posttxp=55-59, time_to_fail_group=[1y-2y)  "
0.6903,0.835820895522388,"r_age_group_posttxp=55-59, time_to_fail_group=[1y-2y)  "
0.7057,0.850746268656716,"r_age_group_posttxp=55-59, time_to_fail_group=[1y-2y)  "
0.7531,0.865671641791045,"r_age_group_posttxp=55-59, time_to_fail_group=[1y-2y)  "
0.8142,0.880597014925373,"r_age_group_posttxp=55-59, time_to_fail_group=[1y-2y)  "
0.8348,0.895522388059702,"r_age_group_posttxp=55-59, time_to_fail_group=[1y-2y)  "
0.8403,0.91044776119403,"r_age_group_posttxp=55-59, time_to_fail_group=[1y-2y)  "
0.8418,0.925373134328358,"r_age_group_posttxp=55-59, time_to_fail_group=[1y-2y)  "
0.8421,0.940298507462687,"r_age_group_posttxp=55-59, time_to_fail_group=[1y-2y)  "
0.8648,0.955223880597015,"r_age_group_posttxp=55-59, time_to_fail_group=[1y-2y)  "
0.9252,0.970149253731343,"r_age_group_posttxp=55-59, time_to_fail_group=[1y-2y)  "
0.9764,0.985074626865672,"r_age_group_posttxp=55-59, time_to_fail_group=[1y-2y)  "
0.9905,1,"r_age_group_posttxp=55-59, time_to_fail_group=[1y-2y)  "
0,0.824,"r_age_group_posttxp=55-59, time_to_fail_group=[2y-5y)  "
0.1466,0.832,"r_age_group_posttxp=55-59, time_to_fail_group=[2y-5y)  "
0.1639,0.84,"r_age_group_posttxp=55-59, time_to_fail_group=[2y-5y)  "
0.249,0.848,"r_age_group_posttxp=55-59, time_to_fail_group=[2y-5y)  "
0.2748,0.856,"r_age_group_posttxp=55-59, time_to_fail_group=[2y-5y)  "
0.3163,0.864,"r_age_group_posttxp=55-59, time_to_fail_group=[2y-5y)  "
0.3441,0.872,"r_age_group_posttxp=55-59, time_to_fail_group=[2y-5y)  "
0.4577,0.88,"r_age_group_posttxp=55-59, time_to_fail_group=[2y-5y)  "
0.4991,0.888,"r_age_group_posttxp=55-59, time_to_fail_group=[2y-5y)  "
0.5315,0.896,"r_age_group_posttxp=55-59, time_to_fail_group=[2y-5y)  "
0.5634,0.904,"r_age_group_posttxp=55-59, time_to_fail_group=[2y-5y)  "
0.6326,0.912,"r_age_group_posttxp=55-59, time_to_fail_group=[2y-5y)  "
0.6727,0.92,"r_age_group_posttxp=55-59, time_to_fail_group=[2y-5y)  "
0.8335,0.928,"r_age_group_posttxp=55-59, time_to_fail_group=[2y-5y)  "
0.8727,0.936,"r_age_group_posttxp=55-59, time_to_fail_group=[2y-5y)  "
0.8758,0.944,"r_age_group_posttxp=55-59, time_to_fail_group=[2y-5y)  "
0.8777,0.952,"r_age_group_posttxp=55-59, time_to_fail_group=[2y-5y)  "
0.9082,0.96,"r_age_group_posttxp=55-59, time_to_fail_group=[2y-5y)  "
0.9112,0.968,"r_age_group_posttxp=55-59, time_to_fail_group=[2y-5y)  "
0.9174,0.976,"r_age_group_posttxp=55-59, time_to_fail_group=[2y-5y)  "
0.936,0.984,"r_age_group_posttxp=55-59, time_to_fail_group=[2y-5y)  "
0.9498,0.992,"r_age_group_posttxp=55-59, time_to_fail_group=[2y-5y)  "
0.981,1,"r_age_group_posttxp=55-59, time_to_fail_group=[2y-5y)  "
0,0.853846153846154,"r_age_group_posttxp=55-59, time_to_fail_group=5y+      "
0.0238,0.861538461538462,"r_age_group_posttxp=55-59, time_to_fail_group=5y+      "
0.0838,0.869230769230769,"r_age_group_posttxp=55-59, time_to_fail_group=5y+      "
0.0842000000000001,0.876923076923077,"r_age_group_posttxp=55-59, time_to_fail_group=5y+      "
0.1262,0.884615384615385,"r_age_group_posttxp=55-59, time_to_fail_group=5y+      "
0.1664,0.892307692307692,"r_age_group_posttxp=55-59, time_to_fail_group=5y+      "
0.2962,0.9,"r_age_group_posttxp=55-59, time_to_fail_group=5y+      "
0.3635,0.907692307692308,"r_age_group_posttxp=55-59, time_to_fail_group=5y+      "
0.4214,0.915384615384615,"r_age_group_posttxp=55-59, time_to_fail_group=5y+      "
0.4549,0.923076923076923,"r_age_group_posttxp=55-59, time_to_fail_group=5y+      "
0.4691,0.930769230769231,"r_age_group_posttxp=55-59, time_to_fail_group=5y+      "
0.4733,0.938461538461538,"r_age_group_posttxp=55-59, time_to_fail_group=5y+      "
0.4929,0.946153846153846,"r_age_group_posttxp=55-59, time_to_fail_group=5y+      "
0.5317,0.953846153846154,"r_age_group_posttxp=55-59, time_to_fail_group=5y+      "
0.5407,0.961538461538462,"r_age_group_posttxp=55-59, time_to_fail_group=5y+      "
0.5967,0.969230769230769,"r_age_group_posttxp=55-59, time_to_fail_group=5y+      "
0.712,0.976923076923077,"r_age_group_posttxp=55-59, time_to_fail_group=5y+      "
0.8878,0.984615384615385,"r_age_group_posttxp=55-59, time_to_fail_group=5y+      "
0.9114,0.992307692307692,"r_age_group_posttxp=55-59, time_to_fail_group=5y+      "
0.9647,1,"r_age_group_posttxp=55-59, time_to_fail_group=5y+      "
0,0.934210526315789,"r_age_group_posttxp=60-64, time_to_fail_group=[0-.5y)  "
0.1735,0.947368421052632,"r_age_group_posttxp=60-64, time_to_fail_group=[0-.5y)  "
0.419,0.960526315789474,"r_age_group_posttxp=60-64, time_to_fail_group=[0-.5y)  "
0.6311,0.973684210526316,"r_age_group_posttxp=60-64, time_to_fail_group=[0-.5y)  "
0.6498,0.986842105263158,"r_age_group_posttxp=60-64, time_to_fail_group=[0-.5y)  "
0.7713,1,"r_age_group_posttxp=60-64, time_to_fail_group=[0-.5y)  "
0,0.862068965517241,"r_age_group_posttxp=60-64, time_to_fail_group=[0.5y-1y)"
0.266,0.879310344827586,"r_age_group_posttxp=60-64, time_to_fail_group=[0.5y-1y)"
0.4475,0.896551724137931,"r_age_group_posttxp=60-64, time_to_fail_group=[0.5y-1y)"
0.5716,0.913793103448276,"r_age_group_posttxp=60-64, time_to_fail_group=[0.5y-1y)"
0.7014,0.931034482758621,"r_age_group_posttxp=60-64, time_to_fail_group=[0.5y-1y)"
0.7798,0.948275862068966,"r_age_group_posttxp=60-64, time_to_fail_group=[0.5y-1y)"
0.8275,0.96551724137931,"r_age_group_posttxp=60-64, time_to_fail_group=[0.5y-1y)"
0.8317,0.982758620689655,"r_age_group_posttxp=60-64, time_to_fail_group=[0.5y-1y)"
0.8571,1,"r_age_group_posttxp=60-64, time_to_fail_group=[0.5y-1y)"
0,0.815217391304348,"r_age_group_posttxp=60-64, time_to_fail_group=[1y-2y)  "
0.0576,0.826086956521739,"r_age_group_posttxp=60-64, time_to_fail_group=[1y-2y)  "
0.2551,0.83695652173913,"r_age_group_posttxp=60-64, time_to_fail_group=[1y-2y)  "
0.2896,0.847826086956522,"r_age_group_posttxp=60-64, time_to_fail_group=[1y-2y)  "
0.3029,0.858695652173913,"r_age_group_posttxp=60-64, time_to_fail_group=[1y-2y)  "
0.3356,0.869565217391304,"r_age_group_posttxp=60-64, time_to_fail_group=[1y-2y)  "
0.3994,0.880434782608696,"r_age_group_posttxp=60-64, time_to_fail_group=[1y-2y)  "
0.7202,0.891304347826087,"r_age_group_posttxp=60-64, time_to_fail_group=[1y-2y)  "
0.8592,0.902173913043478,"r_age_group_posttxp=60-64, time_to_fail_group=[1y-2y)  "
0.8648,0.91304347826087,"r_age_group_posttxp=60-64, time_to_fail_group=[1y-2y)  "
0.9098,0.923913043478261,"r_age_group_posttxp=60-64, time_to_fail_group=[1y-2y)  "
0.9107,0.934782608695652,"r_age_group_posttxp=60-64, time_to_fail_group=[1y-2y)  "
0.9175,0.945652173913043,"r_age_group_posttxp=60-64, time_to_fail_group=[1y-2y)  "
0.9423,0.956521739130435,"r_age_group_posttxp=60-64, time_to_fail_group=[1y-2y)  "
0.9529,0.967391304347826,"r_age_group_posttxp=60-64, time_to_fail_group=[1y-2y)  "
0.9699,0.978260869565217,"r_age_group_posttxp=60-64, time_to_fail_group=[1y-2y)  "
0.9806,0.989130434782609,"r_age_group_posttxp=60-64, time_to_fail_group=[1y-2y)  "
0.9912,1,"r_age_group_posttxp=60-64, time_to_fail_group=[1y-2y)  "
0,0.896860986547085,"r_age_group_posttxp=60-64, time_to_fail_group=[2y-5y)  "
0.013,0.901345291479821,"r_age_group_posttxp=60-64, time_to_fail_group=[2y-5y)  "
0.1073,0.905829596412556,"r_age_group_posttxp=60-64, time_to_fail_group=[2y-5y)  "
0.1303,0.910313901345291,"r_age_group_posttxp=60-64, time_to_fail_group=[2y-5y)  "
0.1982,0.914798206278027,"r_age_group_posttxp=60-64, time_to_fail_group=[2y-5y)  "
0.2869,0.919282511210762,"r_age_group_posttxp=60-64, time_to_fail_group=[2y-5y)  "
0.3311,0.923766816143498,"r_age_group_posttxp=60-64, time_to_fail_group=[2y-5y)  "
0.3635,0.928251121076233,"r_age_group_posttxp=60-64, time_to_fail_group=[2y-5y)  "
0.4042,0.932735426008969,"r_age_group_posttxp=60-64, time_to_fail_group=[2y-5y)  "
0.4071,0.937219730941704,"r_age_group_posttxp=60-64, time_to_fail_group=[2y-5y)  "
0.4919,0.941704035874439,"r_age_group_posttxp=60-64, time_to_fail_group=[2y-5y)  "
0.5267,0.946188340807175,"r_age_group_posttxp=60-64, time_to_fail_group=[2y-5y)  "
0.5536,0.95067264573991,"r_age_group_posttxp=60-64, time_to_fail_group=[2y-5y)  "
0.6597,0.955156950672646,"r_age_group_posttxp=60-64, time_to_fail_group=[2y-5y)  "
0.8102,0.959641255605381,"r_age_group_posttxp=60-64, time_to_fail_group=[2y-5y)  "
0.8107,0.964125560538117,"r_age_group_posttxp=60-64, time_to_fail_group=[2y-5y)  "
0.8284,0.968609865470852,"r_age_group_posttxp=60-64, time_to_fail_group=[2y-5y)  "
0.8704,0.973094170403587,"r_age_group_posttxp=60-64, time_to_fail_group=[2y-5y)  "
0.8973,0.977578475336323,"r_age_group_posttxp=60-64, time_to_fail_group=[2y-5y)  "
0.9192,0.982062780269058,"r_age_group_posttxp=60-64, time_to_fail_group=[2y-5y)  "
0.9269,0.986547085201794,"r_age_group_posttxp=60-64, time_to_fail_group=[2y-5y)  "
0.9381,0.991031390134529,"r_age_group_posttxp=60-64, time_to_fail_group=[2y-5y)  "
0.957,0.995515695067265,"r_age_group_posttxp=60-64, time_to_fail_group=[2y-5y)  "
0.9738,1,"r_age_group_posttxp=60-64, time_to_fail_group=[2y-5y)  "
0,0.929936305732484,"r_age_group_posttxp=60-64, time_to_fail_group=5y+      "
0.1974,0.936305732484076,"r_age_group_posttxp=60-64, time_to_fail_group=5y+      "
0.2163,0.942675159235669,"r_age_group_posttxp=60-64, time_to_fail_group=5y+      "
0.3294,0.949044585987261,"r_age_group_posttxp=60-64, time_to_fail_group=5y+      "
0.359,0.955414012738854,"r_age_group_posttxp=60-64, time_to_fail_group=5y+      "
0.446,0.961783439490446,"r_age_group_posttxp=60-64, time_to_fail_group=5y+      "
0.4555,0.968152866242038,"r_age_group_posttxp=60-64, time_to_fail_group=5y+      "
0.5456,0.974522292993631,"r_age_group_posttxp=60-64, time_to_fail_group=5y+      "
0.6064,0.980891719745223,"r_age_group_posttxp=60-64, time_to_fail_group=5y+      "
0.8505,0.987261146496815,"r_age_group_posttxp=60-64, time_to_fail_group=5y+      "
0.9227,0.993630573248408,"r_age_group_posttxp=60-64, time_to_fail_group=5y+      "
0.9565,1,"r_age_group_posttxp=60-64, time_to_fail_group=5y+      "
0,0.983516483516483,"r_age_group_posttxp=65-69, time_to_fail_group=[0-.5y)  "
0.1478,0.989010989010989,"r_age_group_posttxp=65-69, time_to_fail_group=[0-.5y)  "
0.2365,0.994505494505495,"r_age_group_posttxp=65-69, time_to_fail_group=[0-.5y)  "
0.2443,1,"r_age_group_posttxp=65-69, time_to_fail_group=[0-.5y)  "
0,0.863636363636364,"r_age_group_posttxp=65-69, time_to_fail_group=[0.5y-1y)"
0.1818,0.872727272727273,"r_age_group_posttxp=65-69, time_to_fail_group=[0.5y-1y)"
0.1972,0.881818181818182,"r_age_group_posttxp=65-69, time_to_fail_group=[0.5y-1y)"
0.3023,0.890909090909091,"r_age_group_posttxp=65-69, time_to_fail_group=[0.5y-1y)"
0.3254,0.9,"r_age_group_posttxp=65-69, time_to_fail_group=[0.5y-1y)"
0.6219,0.909090909090909,"r_age_group_posttxp=65-69, time_to_fail_group=[0.5y-1y)"
0.658,0.918181818181818,"r_age_group_posttxp=65-69, time_to_fail_group=[0.5y-1y)"
0.6707,0.927272727272727,"r_age_group_posttxp=65-69, time_to_fail_group=[0.5y-1y)"
0.6847,0.936363636363636,"r_age_group_posttxp=65-69, time_to_fail_group=[0.5y-1y)"
0.6897,0.945454545454545,"r_age_group_posttxp=65-69, time_to_fail_group=[0.5y-1y)"
0.7129,0.954545454545455,"r_age_group_posttxp=65-69, time_to_fail_group=[0.5y-1y)"
0.7337,0.963636363636364,"r_age_group_posttxp=65-69, time_to_fail_group=[0.5y-1y)"
0.7842,0.972727272727273,"r_age_group_posttxp=65-69, time_to_fail_group=[0.5y-1y)"
0.9038,0.981818181818182,"r_age_group_posttxp=65-69, time_to_fail_group=[0.5y-1y)"
0.9778,0.990909090909091,"r_age_group_posttxp=65-69, time_to_fail_group=[0.5y-1y)"
0.999,1,"r_age_group_posttxp=65-69, time_to_fail_group=[0.5y-1y)"
0,0.862745098039216,"r_age_group_posttxp=65-69, time_to_fail_group=[1y-2y)  "
0.2672,0.869281045751634,"r_age_group_posttxp=65-69, time_to_fail_group=[1y-2y)  "
0.3462,0.875816993464052,"r_age_group_posttxp=65-69, time_to_fail_group=[1y-2y)  "
0.3966,0.882352941176471,"r_age_group_posttxp=65-69, time_to_fail_group=[1y-2y)  "
0.5172,0.888888888888889,"r_age_group_posttxp=65-69, time_to_fail_group=[1y-2y)  "
0.644,0.895424836601307,"r_age_group_posttxp=65-69, time_to_fail_group=[1y-2y)  "
0.6615,0.901960784313726,"r_age_group_posttxp=65-69, time_to_fail_group=[1y-2y)  "
0.7321,0.908496732026144,"r_age_group_posttxp=65-69, time_to_fail_group=[1y-2y)  "
0.7404,0.915032679738562,"r_age_group_posttxp=65-69, time_to_fail_group=[1y-2y)  "
0.7691,0.92156862745098,"r_age_group_posttxp=65-69, time_to_fail_group=[1y-2y)  "
0.7862,0.928104575163399,"r_age_group_posttxp=65-69, time_to_fail_group=[1y-2y)  "
0.7924,0.934640522875817,"r_age_group_posttxp=65-69, time_to_fail_group=[1y-2y)  "
0.7943,0.941176470588235,"r_age_group_posttxp=65-69, time_to_fail_group=[1y-2y)  "
0.845,0.947712418300654,"r_age_group_posttxp=65-69, time_to_fail_group=[1y-2y)  "
0.8629,0.954248366013072,"r_age_group_posttxp=65-69, time_to_fail_group=[1y-2y)  "
0.8817,0.96078431372549,"r_age_group_posttxp=65-69, time_to_fail_group=[1y-2y)  "
0.8838,0.967320261437909,"r_age_group_posttxp=65-69, time_to_fail_group=[1y-2y)  "
0.8861,0.973856209150327,"r_age_group_posttxp=65-69, time_to_fail_group=[1y-2y)  "
0.8993,0.980392156862745,"r_age_group_posttxp=65-69, time_to_fail_group=[1y-2y)  "
0.9482,0.986928104575163,"r_age_group_posttxp=65-69, time_to_fail_group=[1y-2y)  "
0.9562,0.993464052287582,"r_age_group_posttxp=65-69, time_to_fail_group=[1y-2y)  "
0.9768,1,"r_age_group_posttxp=65-69, time_to_fail_group=[1y-2y)  "
0,0.901840490797546,"r_age_group_posttxp=65-69, time_to_fail_group=[2y-5y)  "
0.00609999999999999,0.904907975460123,"r_age_group_posttxp=65-69, time_to_fail_group=[2y-5y)  "
0.0273,0.907975460122699,"r_age_group_posttxp=65-69, time_to_fail_group=[2y-5y)  "
0.04,0.911042944785276,"r_age_group_posttxp=65-69, time_to_fail_group=[2y-5y)  "
0.2192,0.914110429447853,"r_age_group_posttxp=65-69, time_to_fail_group=[2y-5y)  "
0.2587,0.917177914110429,"r_age_group_posttxp=65-69, time_to_fail_group=[2y-5y)  "
0.3045,0.920245398773006,"r_age_group_posttxp=65-69, time_to_fail_group=[2y-5y)  "
0.3088,0.923312883435583,"r_age_group_posttxp=65-69, time_to_fail_group=[2y-5y)  "
0.3262,0.926380368098159,"r_age_group_posttxp=65-69, time_to_fail_group=[2y-5y)  "
0.4001,0.929447852760736,"r_age_group_posttxp=65-69, time_to_fail_group=[2y-5y)  "
0.4017,0.932515337423313,"r_age_group_posttxp=65-69, time_to_fail_group=[2y-5y)  "
0.421,0.935582822085889,"r_age_group_posttxp=65-69, time_to_fail_group=[2y-5y)  "
0.4384,0.938650306748466,"r_age_group_posttxp=65-69, time_to_fail_group=[2y-5y)  "
0.4967,0.941717791411043,"r_age_group_posttxp=65-69, time_to_fail_group=[2y-5y)  "
0.5252,0.94478527607362,"r_age_group_posttxp=65-69, time_to_fail_group=[2y-5y)  "
0.6029,0.947852760736196,"r_age_group_posttxp=65-69, time_to_fail_group=[2y-5y)  "
0.6399,0.950920245398773,"r_age_group_posttxp=65-69, time_to_fail_group=[2y-5y)  "
0.689,0.95398773006135,"r_age_group_posttxp=65-69, time_to_fail_group=[2y-5y)  "
0.7124,0.957055214723926,"r_age_group_posttxp=65-69, time_to_fail_group=[2y-5y)  "
0.7144,0.960122699386503,"r_age_group_posttxp=65-69, time_to_fail_group=[2y-5y)  "
0.7771,0.96319018404908,"r_age_group_posttxp=65-69, time_to_fail_group=[2y-5y)  "
0.797,0.966257668711656,"r_age_group_posttxp=65-69, time_to_fail_group=[2y-5y)  "
0.8151,0.969325153374233,"r_age_group_posttxp=65-69, time_to_fail_group=[2y-5y)  "
0.8194,0.97239263803681,"r_age_group_posttxp=65-69, time_to_fail_group=[2y-5y)  "
0.8367,0.975460122699387,"r_age_group_posttxp=65-69, time_to_fail_group=[2y-5y)  "
0.8449,0.978527607361963,"r_age_group_posttxp=65-69, time_to_fail_group=[2y-5y)  "
0.8968,0.98159509202454,"r_age_group_posttxp=65-69, time_to_fail_group=[2y-5y)  "
0.9002,0.984662576687117,"r_age_group_posttxp=65-69, time_to_fail_group=[2y-5y)  "
0.9283,0.987730061349693,"r_age_group_posttxp=65-69, time_to_fail_group=[2y-5y)  "
0.9359,0.99079754601227,"r_age_group_posttxp=65-69, time_to_fail_group=[2y-5y)  "
0.9512,0.993865030674847,"r_age_group_posttxp=65-69, time_to_fail_group=[2y-5y)  "
0.9828,0.996932515337423,"r_age_group_posttxp=65-69, time_to_fail_group=[2y-5y)  "
0.9897,1,"r_age_group_posttxp=65-69, time_to_fail_group=[2y-5y)  "
0,0.955357142857143,"r_age_group_posttxp=65-69, time_to_fail_group=5y+      "
0.033,0.959821428571429,"r_age_group_posttxp=65-69, time_to_fail_group=5y+      "
0.0616,0.964285714285714,"r_age_group_posttxp=65-69, time_to_fail_group=5y+      "
0.0659999999999999,0.96875,"r_age_group_posttxp=65-69, time_to_fail_group=5y+      "
0.0705,0.973214285714286,"r_age_group_posttxp=65-69, time_to_fail_group=5y+      "
0.1268,0.977678571428571,"r_age_group_posttxp=65-69, time_to_fail_group=5y+      "
0.2055,0.982142857142857,"r_age_group_posttxp=65-69, time_to_fail_group=5y+      "
0.3776,0.986607142857143,"r_age_group_posttxp=65-69, time_to_fail_group=5y+      "
0.4388,0.991071428571429,"r_age_group_posttxp=65-69, time_to_fail_group=5y+      "
0.9494,0.995535714285714,"r_age_group_posttxp=65-69, time_to_fail_group=5y+      "
0.9496,1,"r_age_group_posttxp=65-69, time_to_fail_group=5y+      "
0,0.967213114754098,"r_age_group_posttxp=70-74, time_to_fail_group=[0-.5y)  "
0.0796,0.975409836065574,"r_age_group_posttxp=70-74, time_to_fail_group=[0-.5y)  "
0.5678,0.983606557377049,"r_age_group_posttxp=70-74, time_to_fail_group=[0-.5y)  "
0.6581,0.991803278688525,"r_age_group_posttxp=70-74, time_to_fail_group=[0-.5y)  "
0.9525,1,"r_age_group_posttxp=70-74, time_to_fail_group=[0-.5y)  "
0,0.91358024691358,"r_age_group_posttxp=70-74, time_to_fail_group=[0.5y-1y)"
0.1746,0.925925925925926,"r_age_group_posttxp=70-74, time_to_fail_group=[0.5y-1y)"
0.2371,0.938271604938272,"r_age_group_posttxp=70-74, time_to_fail_group=[0.5y-1y)"
0.3313,0.950617283950617,"r_age_group_posttxp=70-74, time_to_fail_group=[0.5y-1y)"
0.5652,0.962962962962963,"r_age_group_posttxp=70-74, time_to_fail_group=[0.5y-1y)"
0.6455,0.975308641975309,"r_age_group_posttxp=70-74, time_to_fail_group=[0.5y-1y)"
0.9031,0.987654320987654,"r_age_group_posttxp=70-74, time_to_fail_group=[0.5y-1y)"
0.9444,1,"r_age_group_posttxp=70-74, time_to_fail_group=[0.5y-1y)"
0,0.91304347826087,"r_age_group_posttxp=70-74, time_to_fail_group=[1y-2y)  "
0.1579,0.923913043478261,"r_age_group_posttxp=70-74, time_to_fail_group=[1y-2y)  "
0.3998,0.934782608695652,"r_age_group_posttxp=70-74, time_to_fail_group=[1y-2y)  "
0.4674,0.945652173913043,"r_age_group_posttxp=70-74, time_to_fail_group=[1y-2y)  "
0.5617,0.956521739130435,"r_age_group_posttxp=70-74, time_to_fail_group=[1y-2y)  "
0.8269,0.967391304347826,"r_age_group_posttxp=70-74, time_to_fail_group=[1y-2y)  "
0.8361,0.978260869565217,"r_age_group_posttxp=70-74, time_to_fail_group=[1y-2y)  "
0.9342,0.989130434782609,"r_age_group_posttxp=70-74, time_to_fail_group=[1y-2y)  "
0.9412,1,"r_age_group_posttxp=70-74, time_to_fail_group=[1y-2y)  "
0,0.96943231441048,"r_age_group_posttxp=70-74, time_to_fail_group=[2y-5y)  "
0.0642,0.973799126637555,"r_age_group_posttxp=70-74, time_to_fail_group=[2y-5y)  "
0.5416,0.978165938864629,"r_age_group_posttxp=70-74, time_to_fail_group=[2y-5y)  "
0.6887,0.982532751091703,"r_age_group_posttxp=70-74, time_to_fail_group=[2y-5y)  "
0.8803,0.986899563318777,"r_age_group_posttxp=70-74, time_to_fail_group=[2y-5y)  "
0.9098,0.991266375545852,"r_age_group_posttxp=70-74, time_to_fail_group=[2y-5y)  "
0.933,0.995633187772926,"r_age_group_posttxp=70-74, time_to_fail_group=[2y-5y)  "
0.9558,1,"r_age_group_posttxp=70-74, time_to_fail_group=[2y-5y)  "
0,0.99236641221374,"r_age_group_posttxp=70-74, time_to_fail_group=5y+      "
0.1044,1,"r_age_group_posttxp=70-74, time_to_fail_group=5y+      "
0,1,"r_age_group_posttxp=75+, time_to_fail_group=[0-.5y)  "
0,0.96551724137931,"r_age_group_posttxp=75+, time_to_fail_group=[0.5y-1y)"
0.6728,1,"r_age_group_posttxp=75+, time_to_fail_group=[0.5y-1y)"
0,0.972972972972973,"r_age_group_posttxp=75+, time_to_fail_group=[1y-2y)  "
0.1152,1,"r_age_group_posttxp=75+, time_to_fail_group=[1y-2y)  "
0,0.96969696969697,"r_age_group_posttxp=75+, time_to_fail_group=[2y-5y)  "
0.00949999999999995,0.97979797979798,"r_age_group_posttxp=75+, time_to_fail_group=[2y-5y)  "
0.4466,0.98989898989899,"r_age_group_posttxp=75+, time_to_fail_group=[2y-5y)  "
0.509,1,"r_age_group_posttxp=75+, time_to_fail_group=[2y-5y)  "
0,1,"r_age_group_posttxp=75+, time_to_fail_group=5y+      "
